Date,Price,Open,High,Low,Change %
5/21/2026,3.256,3.256,3.256,3.256,-0.28%
5/20/2026,3.265,3.244,3.265,3.244,0.59%
5/19/2026,3.246,3.25,3.251,3.246,-0.09%
5/18/2026,3.249,3.222,3.249,3.222,0.84%
5/17/2026,3.222,3.222,3.222,3.222,-0.15%
5/15/2026,3.227,3.226,3.227,3.22,0.03%
5/14/2026,3.226,3.225,3.23,3.224,0.06%
5/13/2026,3.224,3.213,3.224,3.213,0.34%
5/12/2026,3.213,3.207,3.213,3.207,0.16%
5/11/2026,3.208,3.205,3.208,3.205,0.09%
5/10/2026,3.205,3.205,3.205,3.205,-0.03%
5/8/2026,3.206,3.2,3.206,3.2,0.19%
5/7/2026,3.2,3.211,3.211,3.2,-0.31%
5/6/2026,3.21,3.215,3.215,3.21,-0.25%
5/5/2026,3.218,3.219,3.226,3.218,-0.03%
5/4/2026,3.219,3.216,3.221,3.216,0.09%
5/3/2026,3.216,3.216,3.216,3.216,-0.03%
4/30/2026,3.217,3.193,3.217,3.193,0.72%
4/29/2026,3.194,3.188,3.198,3.188,0.19%
4/28/2026,3.188,3.179,3.188,3.179,0.31%
4/27/2026,3.178,3.193,3.194,3.178,-0.50%
4/24/2026,3.194,3.193,3.194,3.193,0.03%
4/23/2026,3.193,3.186,3.193,3.186,0.25%
4/22/2026,3.185,3.184,3.185,3.184,0.00%
4/21/2026,3.185,3.191,3.191,3.185,-0.16%
4/20/2026,3.19,3.201,3.202,3.19,-0.37%
4/19/2026,3.202,3.201,3.202,3.201,0.03%
4/17/2026,3.201,3.198,3.205,3.198,0.13%
4/16/2026,3.197,3.194,3.197,3.193,0.09%
4/15/2026,3.194,3.203,3.203,3.194,-0.50%
4/14/2026,3.21,3.232,3.232,3.21,-0.65%
4/13/2026,3.231,3.224,3.231,3.224,0.19%
4/12/2026,3.225,3.224,3.225,3.224,0.00%
4/10/2026,3.225,3.247,3.247,3.225,-0.68%
4/9/2026,3.247,3.248,3.254,3.247,-0.03%
4/8/2026,3.248,3.254,3.254,3.248,-0.22%
4/7/2026,3.255,3.266,3.266,3.255,-0.34%
4/6/2026,3.266,3.262,3.266,3.262,0.12%
4/5/2026,3.262,3.262,3.262,3.262,0.00%
4/3/2026,3.262,3.262,3.262,3.262,0.00%
4/2/2026,3.262,3.235,3.262,3.234,0.83%
4/1/2026,3.235,3.276,3.276,3.235,-1.22%
3/31/2026,3.275,3.302,3.302,3.275,-0.76%
3/30/2026,3.3,3.293,3.3,3.293,-0.06%
3/27/2026,3.302,3.26,3.302,3.259,1.26%
3/26/2026,3.261,3.25,3.261,3.25,0.65%
3/25/2026,3.24,3.245,3.245,3.24,-0.18%
3/24/2026,3.246,3.227,3.246,3.227,0.59%
3/23/2026,3.227,3.227,3.227,3.227,1.64%
3/19/2026,3.175,3.165,3.181,3.165,0.13%
3/18/2026,3.171,3.179,3.179,3.171,-0.13%
3/17/2026,3.175,3.183,3.184,3.175,-0.25%
3/16/2026,3.183,3.147,3.183,3.147,1.18%
3/13/2026,3.146,3.146,3.146,3.146,0.45%
3/12/2026,3.132,3.132,3.133,3.132,-0.06%
3/11/2026,3.134,3.116,3.134,3.115,0.61%
3/10/2026,3.115,3.145,3.146,3.115,-0.99%
3/9/2026,3.146,3.1,3.146,3.1,1.48%
3/8/2026,3.1,3.1,3.1,3.1,-0.06%
3/6/2026,3.102,3.097,3.102,3.096,0.06%
3/5/2026,3.1,3.087,3.1,3.087,0.42%
3/4/2026,3.087,3.096,3.098,3.086,-0.39%
3/3/2026,3.099,3.042,3.099,3.04,1.97%
3/2/2026,3.039,3.029,3.039,3.029,0.00%
2/27/2026,3.039,3.044,3.044,3.039,-0.23%
2/26/2026,3.046,3.045,3.046,3.045,0.03%
2/25/2026,3.045,3.039,3.11,3.039,0.23%
2/24/2026,3.038,3.048,3.048,3.038,-0.30%
2/23/2026,3.047,3.049,3.049,3.047,-0.13%
2/19/2026,3.051,3.048,3.051,3.047,0.03%
2/16/2026,3.05,3.077,3.077,3.05,-0.88%
2/15/2026,3.077,3.077,3.077,3.077,0.03%
2/13/2026,3.076,3.046,3.076,3.046,0.92%
2/12/2026,3.048,3.041,3.048,3.039,0.13%
2/11/2026,3.044,3.037,3.044,3.037,0.23%
2/10/2026,3.037,3.039,3.039,3.037,0.40%
2/9/2026,3.025,3.023,3.034,3.023,0.10%
2/6/2026,3.022,3.039,3.042,3.022,-0.59%
2/5/2026,3.04,3.024,3.04,3.024,0.46%
2/4/2026,3.026,3.038,3.041,3.026,-0.49%
2/3/2026,3.041,3.029,3.041,3.029,0.36%
2/2/2026,3.03,3.029,3.03,3.029,0.03%
1/30/2026,3.029,3.036,3.036,3.027,-0.23%
1/29/2026,3.036,3.013,3.036,3.012,0.73%
1/28/2026,3.014,3.001,3.014,3.001,0.37%
1/27/2026,3.003,2.994,3.003,2.994,0.30%
1/26/2026,2.994,3.003,3.004,2.994,-0.33%
1/23/2026,3.004,3.027,3.027,3.004,-0.76%
1/22/2026,3.027,3.052,3.053,3.027,-0.85%
1/21/2026,3.053,3.062,3.062,3.053,-0.23%
1/20/2026,3.06,3.041,3.071,3.04,0.66%
1/19/2026,3.04,3.054,3.054,3.04,-0.43%
1/16/2026,3.053,3.018,3.053,3.018,1.16%
1/15/2026,3.018,3.031,3.031,3.018,0.13%
1/14/2026,3.014,3.033,3.033,3.014,-0.03%
1/13/2026,3.015,3.015,3.015,2.999,0.53%
1/12/2026,2.999,3.011,3.016,2.999,-0.03%
1/9/2026,3,2.998,3.012,2.998,0.03%
1/8/2026,2.999,2.99,2.999,2.99,0.30%
1/7/2026,2.99,3.01,3.014,2.99,-0.66%
1/6/2026,3.01,3.001,3.015,3.001,0.27%
1/5/2026,3.002,3,3.002,3,0.07%
1/2/2026,3,2.993,3.002,2.993,-0.20%
12/31/2025,3.006,3.016,3.016,2.994,-0.13%
12/30/2025,3.01,2.812,3.018,2.812,-0.27%
12/29/2025,3.018,3.01,3.02,3.01,0.23%
12/26/2025,3.011,3.007,3.011,3.007,0.13%
12/25/2025,3.007,3.007,3.007,3.007,0.00%
12/24/2025,3.007,3.007,3.012,3.007,-0.60%
12/23/2025,3.025,3.009,3.025,3.009,0.50%
12/22/2025,3.01,3.031,3.031,3.01,-0.46%
12/19/2025,3.024,3.033,3.033,3.024,-0.30%
12/18/2025,3.033,3.047,3.047,3.033,0.07%
12/17/2025,3.031,3.04,3.048,3.026,-0.13%
12/16/2025,3.035,3.04,3.04,3.035,-0.13%
12/15/2025,3.039,3.035,3.049,3.035,0.13%
12/14/2025,3.035,3.035,3.035,3.035,-0.07%
12/12/2025,3.037,3.046,3.05,3.035,-0.43%
12/11/2025,3.05,3.073,3.073,3.046,-0.68%
12/10/2025,3.071,3.052,3.074,3.051,0.66%
12/9/2025,3.051,3.031,3.053,3.031,0.63%
12/8/2025,3.032,3.018,3.032,3.018,0.46%
12/7/2025,3.018,3.018,3.018,3.018,-0.03%
12/5/2025,3.019,3.027,3.027,3.019,-0.30%
12/4/2025,3.028,3.024,3.041,3.024,-0.07%
12/3/2025,3.03,3.065,3.065,3.025,-0.72%
12/2/2025,3.052,3.043,3.065,3.043,0.20%
12/1/2025,3.046,3.044,3.046,3.044,0.36%
11/28/2025,3.035,3.012,3.035,3.012,0.76%
11/27/2025,3.012,3.018,3.025,3.012,-0.20%
11/26/2025,3.018,3.021,3.021,3.018,-0.07%
11/25/2025,3.02,3.029,3.029,3.02,-0.30%
11/24/2025,3.029,3.02,3.029,3.02,0.30%
11/23/2025,3.02,3.02,3.02,3.02,-0.03%
11/21/2025,3.021,3.03,3.03,3.021,-0.26%
11/20/2025,3.029,3.026,3.029,3.026,0.07%
11/19/2025,3.027,3.043,3.043,3.027,-0.53%
11/18/2025,3.043,3.059,3.059,3.043,-0.52%
11/17/2025,3.059,3.04,3.091,2.96,0.59%
11/16/2025,3.041,3.04,3.091,3.04,-0.16%
11/13/2025,3.046,3.056,3.057,3.042,-0.36%
11/12/2025,3.057,3.082,3.082,3.057,-0.84%
11/11/2025,3.083,3.083,3.084,3.083,0.00%
11/10/2025,3.083,3.086,3.086,3.083,-0.10%
11/9/2025,3.086,3.086,3.086,3.086,0.03%
11/7/2025,3.085,3.137,3.137,3.085,-1.66%
11/6/2025,3.137,3.127,3.137,3.127,0.29%
11/5/2025,3.128,3.128,3.128,3.128,0.00%
11/4/2025,3.128,3.14,3.144,3.128,-0.38%
11/3/2025,3.14,3.14,3.145,3.14,0.10%
10/31/2025,3.137,3.124,3.137,3.124,0.42%
10/30/2025,3.124,3.041,3.155,3.041,2.70%
10/29/2025,3.042,3.047,3.047,3.04,-0.20%
10/28/2025,3.048,3.049,3.05,3.045,-0.16%
10/27/2025,3.053,3.051,3.056,3.047,0.07%
10/26/2025,3.051,3.051,3.051,3.051,0.16%
10/24/2025,3.046,3.046,3.046,3.046,0.00%
10/23/2025,3.046,3.043,3.047,3.043,0.03%
10/22/2025,3.045,3.049,3.05,3.044,-0.16%
10/21/2025,3.05,3.05,3.167,3.031,0.56%
10/17/2025,3.033,3.025,3.035,3.025,0.20%
10/16/2025,3.027,3.022,3.028,3.022,0.07%
10/15/2025,3.025,3.028,3.033,3.025,-0.26%
10/14/2025,3.033,3.032,3.037,3.032,-0.13%
10/13/2025,3.037,3.055,3.055,3.037,-0.59%
10/12/2025,3.055,3.055,3.055,3.055,0.23%
10/10/2025,3.048,3.046,3.049,3.046,0.07%
10/9/2025,3.046,3.049,3.062,3.043,-0.13%
10/8/2025,3.05,3.043,3.052,3.037,0.20%
10/7/2025,3.044,3.044,3.047,3.043,0.00%
10/6/2025,3.044,3.026,3.046,3.019,0.79%
10/3/2025,3.02,3.021,3.029,3.02,-0.07%
10/2/2025,3.022,3.035,3.035,3.022,-0.49%
10/1/2025,3.037,3.037,3.038,3.034,-0.03%
9/30/2025,3.038,3.047,3.05,3.038,-0.33%
9/29/2025,3.048,3.068,3.069,3.048,-0.68%
9/28/2025,3.069,3.068,3.069,3.068,0.33%
9/26/2025,3.059,3.016,3.061,3.014,1.86%
9/25/2025,3.003,2.976,3.003,2.973,0.87%
9/24/2025,2.977,2.983,2.983,2.973,-0.23%
9/23/2025,2.984,2.986,2.986,2.982,-0.03%
9/22/2025,2.985,2.927,2.985,2.927,1.77%
9/19/2025,2.933,2.92,2.933,2.92,0.24%
9/18/2025,2.926,2.942,2.943,2.926,-0.61%
9/17/2025,2.944,2.803,2.964,2.803,-0.47%
9/12/2025,2.958,2.961,2.961,2.954,-0.17%
9/11/2025,2.963,2.965,2.966,2.953,-0.13%
9/10/2025,2.967,2.964,2.967,2.957,0.34%
9/9/2025,2.957,2.96,2.96,2.956,-0.14%
9/8/2025,2.961,2.965,2.969,2.958,-0.37%
9/4/2025,2.972,2.957,2.981,2.943,-0.30%
9/3/2025,2.981,2.957,2.981,2.943,0.78%
9/2/2025,2.958,2.938,2.958,2.938,0.44%
9/1/2025,2.945,2.945,2.945,2.945,0.10%
8/29/2025,2.942,2.954,2.954,2.937,-0.34%
8/28/2025,2.952,2.944,2.952,2.942,0.17%
8/27/2025,2.947,2.931,2.947,2.927,0.44%
8/26/2025,2.934,2.934,2.934,2.927,0.14%
8/25/2025,2.93,2.94,2.94,2.93,-0.34%
8/24/2025,2.94,2.94,2.94,2.94,-0.17%
8/22/2025,2.945,2.947,2.947,2.944,-0.20%
8/21/2025,2.951,2.955,2.955,2.947,-0.20%
8/20/2025,2.957,2.975,2.975,2.95,-0.47%
8/19/2025,2.971,2.951,2.971,2.951,0.54%
8/18/2025,2.955,2.944,2.96,2.944,0.31%
8/17/2025,2.946,2.944,2.946,2.944,-0.07%
8/15/2025,2.948,2.944,2.948,2.943,-0.10%
8/14/2025,2.951,2.958,2.958,2.951,-0.54%
8/13/2025,2.967,2.985,2.985,2.946,-0.64%
8/12/2025,2.986,2.979,2.986,2.978,0.20%
8/11/2025,2.98,2.977,2.98,2.976,0.00%
8/8/2025,2.98,2.983,2.983,2.977,-0.10%
8/7/2025,2.983,2.99,2.991,2.983,-0.27%
8/6/2025,2.991,2.994,2.994,2.991,-0.13%
8/5/2025,2.995,2.994,2.998,2.994,0.03%
8/4/2025,2.994,3.005,3.005,2.994,-0.37%
8/3/2025,3.005,3.005,3.005,3.005,-0.17%
8/1/2025,3.01,3.001,3.01,3,0.23%
7/31/2025,3.003,2.994,3.003,2.994,0.10%
7/30/2025,3,2.994,3,2.988,0.20%
7/29/2025,2.994,2.993,2.994,2.993,0.10%
7/28/2025,2.991,2.993,2.993,2.991,-0.07%
7/27/2025,2.993,2.993,2.993,2.993,0.00%
7/25/2025,2.993,2.995,2.995,2.993,-0.07%
7/24/2025,2.995,3.011,3.011,2.993,-0.56%
7/23/2025,3.012,3.007,3.012,3.007,0.00%
7/22/2025,3.012,3.003,3.012,3.002,0.17%
7/21/2025,3.007,2.998,3.164,2.998,0.37%
7/18/2025,2.996,3.003,3.003,2.996,-0.27%
7/17/2025,3.004,3.004,3.004,3.003,-0.03%
7/16/2025,3.005,3,3.005,2.999,0.27%
7/15/2025,2.997,2.997,2.997,2.997,0.10%
7/14/2025,2.994,2.988,2.994,2.986,0.23%
7/13/2025,2.987,2.988,2.988,2.986,0.03%
7/11/2025,2.986,2.983,2.986,2.981,0.07%
7/10/2025,2.984,3.025,3.025,2.982,-1.39%
7/9/2025,3.026,3.052,3.052,3.026,-0.88%
7/8/2025,3.053,3.056,3.056,3.052,-0.10%
7/7/2025,3.056,3.057,3.058,3.056,-0.03%
7/6/2025,3.057,3.057,3.057,3.057,0.49%
7/4/2025,3.042,3.053,3.058,3.053,0.26%
7/3/2025,3.034,3.054,3.058,3.05,-0.16%
7/2/2025,3.039,3.058,3.059,3.056,-0.20%
7/1/2025,3.045,3.065,3.065,3.06,-0.11%
6/30/2025,3.049,3.06,3.065,3.06,0.13%
6/26/2025,3.045,3.091,3.092,3.061,-0.81%
6/25/2025,3.069,3.091,3.092,3.086,-0.18%
6/24/2025,3.075,3.125,3.125,3.091,-1.09%
6/23/2025,3.109,3.132,3.132,3.125,-0.73%
6/22/2025,3.132,3.132,3.132,3.132,0.08%
6/20/2025,3.129,3.139,3.139,3.139,0.18%
6/19/2025,3.124,3.142,3.142,3.138,0.10%
6/18/2025,3.121,3.145,3.145,3.14,-0.11%
6/17/2025,3.125,3.138,3.145,3.131,0.00%
6/16/2025,3.125,3.122,3.14,3.122,0.55%
6/13/2025,3.108,3.118,3.123,3.118,0.15%
6/12/2025,3.103,3.12,3.123,3.118,-0.05%
6/11/2025,3.105,3.1,3.121,3.1,0.66%
6/10/2025,3.085,3.097,3.1,3.097,-0.03%
6/9/2025,3.086,3.098,3.101,3.096,-0.40%
6/8/2025,3.098,3.098,3.098,3.098,0.45%
6/6/2025,3.084,3.091,3.101,3.087,0.28%
6/5/2025,3.076,3.091,3.091,3.087,0.00%
6/4/2025,3.076,3.076,3.091,3.076,0.46%
6/3/2025,3.062,3.064,3.078,3.062,-0.08%
6/2/2025,3.064,3.064,3.064,3.064,0.52%
5/30/2025,3.048,3.045,3.063,3.045,0.59%
5/29/2025,3.03,3.036,3.049,3.036,0.26%
5/28/2025,3.022,3.055,3.058,3.038,-0.38%
5/27/2025,3.033,3.081,3.081,3.049,-1.24%
5/26/2025,3.072,3.085,3.086,3.085,0.00%
5/23/2025,3.071,3.085,3.085,3.085,-0.19%
5/22/2025,3.077,3.092,3.092,3.092,-0.03%
5/21/2025,3.078,3.093,3.094,3.093,0.00%
5/20/2025,3.078,3.085,3.093,3.085,0.24%
5/19/2025,3.07,3.079,3.09,3.075,-0.62%
5/18/2025,3.089,3.089,3.089,3.089,0.75%
5/16/2025,3.066,3.118,3.119,3.081,-0.94%
5/15/2025,3.095,3.118,3.118,3.117,0.13%
5/14/2025,3.091,3.181,3.181,3.114,-0.69%
5/13/2025,3.112,3.08,3.136,3.079,1.58%
5/9/2025,3.064,3.105,3.105,3.084,-0.73%
5/8/2025,3.086,3.121,3.133,3.106,-0.63%
5/7/2025,3.106,3.161,3.167,3.119,-1.35%
5/6/2025,3.148,3.186,3.186,3.164,-0.65%
5/5/2025,3.169,3.2,3.2,3.182,-0.46%
5/2/2025,3.184,3.189,3.197,3.189,0.11%
4/30/2025,3.18,3.189,3.189,3.189,0.05%
4/29/2025,3.178,3.204,3.204,3.191,-0.33%
4/28/2025,3.189,3.203,3.205,3.198,-0.09%
4/25/2025,3.192,3.204,3.204,3.204,-0.06%
4/24/2025,3.194,3.238,3.238,3.205,-0.92%
4/23/2025,3.224,3.283,3.284,3.238,-1.39%
4/22/2025,3.269,3.276,3.283,3.276,0.21%
4/21/2025,3.262,3.281,3.282,3.277,-0.21%
4/18/2025,3.269,3.312,3.312,3.281,-0.83%
4/17/2025,3.296,3.362,3.362,3.311,-1.54%
4/16/2025,3.348,3.379,3.379,3.362,-0.53%
4/15/2025,3.366,3.402,3.402,3.38,-0.66%
4/14/2025,3.388,3.399,3.403,3.399,0.07%
4/11/2025,3.386,3.382,3.401,3.382,0.53%
4/10/2025,3.368,3.392,3.392,3.383,-0.24%
4/9/2025,3.376,3.347,3.391,3.347,1.32%
4/8/2025,3.332,3.296,3.347,3.296,1.42%
4/7/2025,3.286,3.292,3.299,3.288,0.24%
4/4/2025,3.277,3.353,3.353,3.289,-1.92%
4/3/2025,3.342,3.376,3.376,3.353,-0.74%
4/2/2025,3.366,3.397,3.398,3.376,-0.53%
3/28/2025,3.385,3.398,3.398,3.393,-0.18%
3/27/2025,3.391,3.397,3.401,3.397,0.06%
3/26/2025,3.388,3.382,3.398,3.382,0.47%
3/25/2025,3.372,3.378,3.382,3.378,0.12%
3/24/2025,3.368,3.373,3.378,3.368,0.15%
3/21/2025,3.364,3.362,3.372,3.362,0.27%
3/20/2025,3.355,3.355,3.367,3.355,0.36%
3/19/2025,3.342,3.383,3.383,3.352,-0.90%
3/17/2025,3.373,3.401,3.401,3.383,-0.56%
3/14/2025,3.392,3.403,3.403,3.401,-0.06%
3/13/2025,3.394,3.395,3.403,3.395,0.24%
3/12/2025,3.386,3.406,3.406,3.395,-0.29%
3/11/2025,3.396,3.414,3.414,3.406,-0.24%
3/10/2025,3.404,3.426,3.427,3.414,-0.41%
3/7/2025,3.418,3.431,3.477,3.428,-0.12%
3/6/2025,3.422,3.431,3.435,3.431,0.00%
3/5/2025,3.422,3.426,3.431,3.426,0.15%
3/4/2025,3.418,3.438,3.438,3.425,-0.34%
3/3/2025,3.429,3.436,3.438,3.432,0.16%
2/28/2025,3.424,3.439,3.439,3.432,-0.19%
2/27/2025,3.43,3.438,3.441,3.437,0.03%
2/26/2025,3.429,3.45,3.45,3.438,-0.35%
2/25/2025,3.441,3.452,3.452,3.45,0.00%
2/24/2025,3.441,3.455,3.458,3.453,-0.48%
2/21/2025,3.458,3.458,3.458,3.458,-0.03%
2/20/2025,3.459,3.463,3.463,3.459,-0.12%
2/19/2025,3.463,3.457,3.463,3.457,0.17%
2/18/2025,3.457,3.462,3.462,3.453,-0.14%
2/17/2025,3.462,3.468,3.468,3.462,-0.12%
2/14/2025,3.466,3.466,3.466,3.466,0.00%
2/13/2025,3.466,3.459,3.466,3.459,0.17%
2/12/2025,3.46,3.451,3.464,3.451,0.26%
2/10/2025,3.451,3.448,3.451,3.448,0.03%
2/7/2025,3.45,3.449,3.45,3.449,0.03%
2/6/2025,3.449,3.461,3.461,3.449,-0.35%
2/5/2025,3.461,3.471,3.475,3.461,-0.29%
2/4/2025,3.471,3.484,3.488,3.471,-0.37%
2/3/2025,3.484,3.474,3.489,3.474,0.23%
1/31/2025,3.476,3.448,3.476,3.447,0.81%
1/28/2025,3.448,3.446,3.448,3.446,0.06%
1/27/2025,3.446,3.433,3.446,3.429,0.47%
1/24/2025,3.43,3.442,3.442,3.43,-0.35%
1/23/2025,3.442,3.436,3.442,3.436,0.15%
1/22/2025,3.437,3.438,3.438,3.437,-0.06%
1/21/2025,3.439,3.458,3.458,3.439,-0.66%
1/20/2025,3.462,3.462,3.465,3.462,0.03%
1/17/2025,3.461,3.461,3.461,3.461,0.00%
1/16/2025,3.461,3.467,3.47,3.461,-0.17%
1/15/2025,3.467,3.488,3.488,3.467,-0.60%
1/14/2025,3.488,3.493,3.493,3.488,-0.14%
1/13/2025,3.493,3.446,3.493,3.446,1.42%
1/10/2025,3.444,3.445,3.445,3.444,-0.06%
1/9/2025,3.446,3.463,3.463,3.446,-0.49%
1/8/2025,3.463,3.448,3.463,3.448,0.41%
1/7/2025,3.449,3.459,3.49,3.449,-0.32%
1/6/2025,3.46,3.457,3.465,3.453,0.20%
1/3/2025,3.453,3.47,3.47,3.453,-0.49%
1/2/2025,3.47,3.484,3.484,3.47,-0.40%
12/31/2024,3.484,3.504,3.504,3.484,-0.57%
12/30/2024,3.504,3.507,3.507,3.498,0.06%
12/27/2024,3.502,3.502,3.502,3.502,0.00%
12/26/2024,3.502,3.507,3.507,3.502,-0.11%
12/24/2024,3.506,3.499,3.506,3.499,0.17%
12/23/2024,3.5,3.502,3.503,3.5,0.00%
12/20/2024,3.5,3.497,3.5,3.497,0.09%
12/19/2024,3.497,3.482,3.497,3.477,0.43%
12/18/2024,3.482,3.475,3.482,3.475,0.20%
12/17/2024,3.475,3.491,3.491,3.475,-0.46%
12/16/2024,3.491,3.484,3.491,3.483,0.17%
12/13/2024,3.485,3.473,3.485,3.472,0.32%
12/12/2024,3.474,3.471,3.477,3.386,-0.06%
12/11/2024,3.476,3.479,3.479,3.476,-0.09%
12/10/2024,3.479,3.466,3.479,3.466,0.32%
12/9/2024,3.468,3.467,3.471,3.466,0.09%
12/6/2024,3.465,3.465,3.465,3.465,0.00%
12/5/2024,3.465,3.458,3.466,3.457,0.17%
12/4/2024,3.459,3.464,3.464,3.459,-0.17%
12/3/2024,3.465,3.458,3.487,3.458,0.20%
12/2/2024,3.458,3.471,3.476,3.458,-0.35%
11/29/2024,3.47,3.485,3.485,3.47,-0.37%
11/28/2024,3.483,3.486,3.514,3.478,-0.11%
11/27/2024,3.487,3.472,3.487,3.472,0.43%
11/26/2024,3.472,3.48,3.48,3.471,-0.23%
11/25/2024,3.48,3.473,3.48,3.463,0.20%
11/22/2024,3.473,3.484,3.496,3.472,-0.12%
11/21/2024,3.477,3.476,3.477,3.476,0.06%
11/20/2024,3.475,3.508,3.509,3.475,-0.91%
11/19/2024,3.507,3.526,3.526,3.507,-0.54%
11/18/2024,3.526,3.535,3.535,3.526,-0.23%
11/15/2024,3.534,3.535,3.535,3.534,0.00%
11/14/2024,3.534,3.528,3.535,3.528,0.14%
11/13/2024,3.529,3.504,3.529,3.504,0.71%
11/12/2024,3.504,3.494,3.505,3.494,0.29%
11/11/2024,3.494,3.506,3.506,3.494,-0.37%
11/8/2024,3.507,3.547,3.547,3.506,-1.13%
11/7/2024,3.547,3.572,3.572,3.547,-0.70%
11/6/2024,3.572,3.532,3.573,3.532,1.16%
11/5/2024,3.531,3.556,3.557,3.53,-0.76%
11/4/2024,3.558,3.556,3.558,3.555,0.08%
11/1/2024,3.555,3.55,3.555,3.55,0.14%
10/30/2024,3.55,3.529,3.55,3.528,0.62%
10/29/2024,3.528,3.522,3.529,3.522,0.17%
10/28/2024,3.522,3.508,3.523,3.508,0.54%
10/25/2024,3.503,3.499,3.512,3.497,0.09%
10/24/2024,3.5,3.506,3.511,3.5,0.06%
10/23/2024,3.498,3.471,3.498,3.467,0.63%
10/22/2024,3.476,3.441,3.477,3.441,1.02%
10/21/2024,3.441,3.44,3.441,3.44,0.32%
10/18/2024,3.43,3.431,3.431,3.424,-0.32%
10/17/2024,3.441,3.42,3.442,3.419,0.61%
10/16/2024,3.42,3.433,3.433,3.42,-0.55%
10/15/2024,3.439,3.438,3.44,3.431,0.06%
10/14/2024,3.437,3.436,3.439,3.436,0.17%
10/11/2024,3.431,3.44,3.442,3.431,-0.20%
10/10/2024,3.438,3.428,3.443,3.428,0.15%
10/9/2024,3.433,3.431,3.438,3.431,0.35%
10/8/2024,3.421,3.448,3.45,3.421,-0.81%
10/7/2024,3.449,3.365,3.45,3.364,2.50%
10/4/2024,3.365,3.365,3.365,3.363,0.09%
10/3/2024,3.362,3.348,3.363,3.348,0.45%
10/2/2024,3.347,3.341,3.348,3.336,0.00%
10/1/2024,3.347,3.359,3.359,3.333,0.45%
9/30/2024,3.332,3.342,3.369,3.332,-0.15%
9/27/2024,3.337,3.352,3.352,3.337,-0.45%
9/26/2024,3.352,3.348,3.352,3.339,0.21%
9/25/2024,3.345,3.348,3.35,3.341,-0.27%
9/24/2024,3.354,3.345,3.354,3.337,0.24%
9/23/2024,3.346,3.336,3.347,3.333,0.18%
9/20/2024,3.34,3.319,3.341,3.318,0.63%
9/19/2024,3.319,3.319,3.319,3.319,-0.45%
9/18/2024,3.334,3.307,3.334,3.307,1.15%
9/17/2024,3.296,3.329,3.336,3.295,-0.99%
9/13/2024,3.329,3.329,3.329,3.329,0.00%
9/12/2024,3.329,3.35,3.35,3.328,-0.60%
9/11/2024,3.349,3.361,3.361,3.342,-0.33%
9/10/2024,3.36,3.356,3.36,3.353,0.00%
9/9/2024,3.36,3.358,3.361,3.358,0.21%
9/6/2024,3.353,3.365,3.365,3.353,-0.45%
9/5/2024,3.368,3.361,3.369,3.36,0.18%
9/4/2024,3.362,3.372,3.372,3.361,-0.47%
9/3/2024,3.378,3.356,3.379,3.356,0.60%
9/2/2024,3.358,3.344,3.365,3.344,0.39%
8/30/2024,3.345,3.344,3.352,3.343,0.00%
8/29/2024,3.345,3.344,3.351,3.343,0.00%
8/28/2024,3.345,3.346,3.354,3.343,-0.06%
8/27/2024,3.347,3.335,3.354,3.335,0.36%
8/26/2024,3.335,3.346,3.346,3.335,-0.54%
8/23/2024,3.353,3.338,3.353,3.335,0.30%
8/22/2024,3.343,3.333,3.344,3.333,0.24%
8/21/2024,3.335,3.34,3.35,3.335,-0.15%
8/20/2024,3.34,3.347,3.356,3.34,-0.24%
8/19/2024,3.348,3.349,3.353,3.347,-0.83%
8/16/2024,3.376,3.354,3.376,3.349,0.54%
8/15/2024,3.358,3.343,3.358,3.342,0.69%
8/14/2024,3.335,3.343,3.343,3.335,-0.39%
8/13/2024,3.348,3.339,3.349,3.339,0.24%
8/12/2024,3.34,3.34,3.34,3.34,0.00%
8/9/2024,3.34,3.341,3.341,3.34,-0.03%
8/8/2024,3.341,3.357,3.358,3.34,-0.48%
8/7/2024,3.357,3.33,3.357,3.33,0.84%
8/6/2024,3.329,3.287,3.329,3.287,1.34%
8/5/2024,3.285,3.283,3.286,3.283,-0.88%
8/2/2024,3.314,3.357,3.365,3.314,-1.28%
8/1/2024,3.357,3.364,3.374,3.356,-0.27%
7/31/2024,3.366,3.381,3.389,3.365,-0.44%
7/30/2024,3.381,3.4,3.4,3.381,-0.85%
7/29/2024,3.41,3.408,3.41,3.408,-0.53%
7/26/2024,3.428,3.447,3.447,3.428,-0.55%
7/25/2024,3.447,3.467,3.467,3.442,-0.58%
7/24/2024,3.467,3.477,3.477,3.467,-0.29%
7/23/2024,3.477,3.483,3.483,3.477,-0.17%
7/22/2024,3.483,3.482,3.483,3.482,0.29%
7/18/2024,3.473,3.474,3.474,3.473,-0.14%
7/17/2024,3.478,3.482,3.482,3.478,-0.14%
7/16/2024,3.483,3.491,3.491,3.481,-0.23%
7/12/2024,3.491,3.501,3.501,3.491,-0.29%
7/11/2024,3.501,3.501,3.501,3.501,0.00%
7/10/2024,3.501,3.504,3.507,3.501,-0.17%
7/9/2024,3.507,3.512,3.512,3.506,-0.17%
7/5/2024,3.513,3.516,3.516,3.512,-0.14%
7/4/2024,3.518,3.541,3.541,3.517,-0.65%
7/3/2024,3.541,3.541,3.541,3.541,-0.03%
7/2/2024,3.542,3.552,3.552,3.541,-0.28%
7/1/2024,3.552,3.55,3.552,3.55,0.59%
6/28/2024,3.531,3.541,3.542,3.531,-0.28%
6/27/2024,3.541,3.546,3.546,3.541,-0.14%
6/26/2024,3.546,3.542,3.547,3.541,0.14%
6/25/2024,3.541,3.533,3.541,3.532,0.23%
6/24/2024,3.533,3.546,3.548,3.533,-0.25%
6/21/2024,3.542,3.527,3.559,3.527,0.40%
6/20/2024,3.528,3.527,3.556,3.522,0.11%
6/19/2024,3.524,3.548,3.569,3.524,-0.54%
6/18/2024,3.543,3.533,3.57,3.532,0.28%
6/14/2024,3.533,3.541,3.567,3.532,-0.28%
6/13/2024,3.543,3.539,3.569,3.537,0.06%
6/12/2024,3.541,3.569,3.569,3.54,-0.78%
6/11/2024,3.569,3.563,3.57,3.553,0.17%
6/10/2024,3.563,3.543,3.564,3.543,0.56%
6/7/2024,3.543,3.555,3.555,3.543,-0.34%
6/6/2024,3.555,3.571,3.571,3.555,-0.45%
6/5/2024,3.571,3.575,3.575,3.57,-0.14%
6/4/2024,3.576,3.539,3.587,3.539,0.48%
6/3/2024,3.559,3.539,3.559,3.558,-0.84%
5/31/2024,3.589,3.589,3.599,3.589,0.00%
5/30/2024,3.589,3.586,3.589,3.586,0.08%
5/29/2024,3.586,3.583,3.588,3.583,0.06%
5/28/2024,3.584,3.591,3.591,3.583,-0.19%
5/27/2024,3.591,3.591,3.591,3.591,0.00%
5/24/2024,3.591,3.573,3.592,3.572,0.48%
5/23/2024,3.574,3.567,3.592,3.565,0.17%
5/21/2024,3.568,3.556,3.577,3.555,0.34%
5/20/2024,3.556,3.535,3.573,3.532,0.68%
5/17/2024,3.532,3.542,3.578,3.532,-0.28%
5/16/2024,3.542,3.56,3.589,3.541,-0.48%
5/15/2024,3.559,3.598,3.602,3.559,-1.17%
5/14/2024,3.601,3.598,3.626,3.596,0.00%
5/13/2024,3.601,3.599,3.631,3.596,0.08%
5/10/2024,3.598,3.606,3.633,3.597,-0.28%
5/9/2024,3.608,3.59,3.632,3.588,0.56%
5/8/2024,3.588,3.588,3.588,3.588,-0.11%
5/7/2024,3.592,3.574,3.599,3.574,0.53%
5/6/2024,3.573,3.592,3.6,3.573,-0.25%
5/3/2024,3.582,3.601,3.628,3.581,-0.44%
5/2/2024,3.598,3.611,3.629,3.596,-0.91%
5/1/2024,3.631,3.624,3.633,3.631,0.53%
4/30/2024,3.612,3.624,3.643,3.611,-0.36%
4/29/2024,3.625,3.635,3.651,3.625,-0.19%
4/26/2024,3.632,3.638,3.65,3.632,-0.25%
4/25/2024,3.641,3.619,3.641,3.606,0.83%
4/24/2024,3.611,3.605,3.611,3.605,0.17%
4/23/2024,3.605,3.606,3.606,3.605,-0.06%
4/22/2024,3.607,3.604,3.611,3.604,-0.58%
4/21/2024,3.628,3.604,3.628,3.628,0.61%
4/19/2024,3.606,3.606,3.606,3.606,0.00%
4/18/2024,3.606,3.615,3.615,3.606,-0.25%
4/17/2024,3.615,3.6,3.615,3.6,0.42%
4/16/2024,3.6,3.56,3.6,3.56,1.12%
4/15/2024,3.56,3.544,3.56,3.543,-0.14%
4/14/2024,3.565,3.544,3.565,3.565,0.62%
4/12/2024,3.543,3.51,3.543,3.51,0.25%
4/11/2024,3.534,3.51,3.544,3.529,-0.28%
4/10/2024,3.544,3.518,3.545,3.542,0.71%
4/9/2024,3.519,3.518,3.519,3.518,0.03%
4/8/2024,3.518,3.51,3.518,3.51,0.20%
4/5/2024,3.511,3.509,3.514,3.509,0.06%
4/4/2024,3.509,3.52,3.521,3.509,-0.37%
4/3/2024,3.522,3.508,3.525,3.508,0.40%
4/2/2024,3.508,3.499,3.508,3.499,0.26%
4/1/2024,3.499,3.506,3.507,3.499,-0.79%
3/31/2024,3.527,3.506,3.527,3.527,0.54%
3/29/2024,3.508,3.499,3.508,3.499,-0.34%
3/28/2024,3.52,3.499,3.52,3.52,0.60%
3/27/2024,3.499,3.48,3.499,3.479,0.55%
3/26/2024,3.48,3.473,3.484,3.473,0.20%
3/25/2024,3.473,3.474,3.474,3.473,-0.03%
3/22/2024,3.474,3.48,3.481,3.474,-0.17%
3/21/2024,3.48,3.485,3.485,3.476,-0.14%
3/20/2024,3.485,3.475,3.485,3.472,0.29%
3/19/2024,3.475,3.469,3.484,3.469,0.17%
3/18/2024,3.469,3.469,3.469,3.469,-0.60%
3/17/2024,3.49,3.467,3.49,3.49,0.63%
3/15/2024,3.468,3.467,3.468,3.467,0.03%
3/14/2024,3.467,3.456,3.467,3.456,0.32%
3/13/2024,3.456,3.447,3.456,3.446,0.23%
3/12/2024,3.448,3.443,3.455,3.442,0.17%
3/11/2024,3.442,3.481,3.481,3.442,-0.98%
3/10/2024,3.476,3.52,3.52,3.476,-1.24%
3/9/2024,3.52,3.52,3.52,3.52,0.50%
3/8/2024,3.502,3.42,3.502,3.414,2.52%
3/7/2024,3.416,3.424,3.514,3.416,-0.29%
3/6/2024,3.426,3.424,3.551,3.423,0.15%
3/5/2024,3.421,3.413,3.421,3.413,0.23%
3/4/2024,3.413,3.425,3.429,3.413,-0.93%
3/3/2024,3.445,3.445,3.445,3.445,0.15%
3/2/2024,3.44,3.44,3.44,3.44,0.53%
3/1/2024,3.422,3.467,3.467,3.422,-1.27%
2/29/2024,3.466,3.465,3.467,3.465,-0.03%
2/28/2024,3.467,3.444,3.468,3.444,0.64%
2/27/2024,3.445,3.445,3.445,3.445,0.00%
2/26/2024,3.445,3.465,3.465,3.445,-1.13%
2/25/2024,3.484,3.484,3.484,3.484,0.71%
2/23/2024,3.46,3.46,3.46,3.45,0.23%
2/22/2024,3.452,3.452,3.452,3.452,0.00%
2/21/2024,3.452,3.392,3.452,3.392,1.77%
2/20/2024,3.392,3.393,3.393,3.392,-0.03%
2/19/2024,3.393,3.395,3.395,3.385,-0.35%
2/18/2024,3.405,3.415,3.415,3.405,0.29%
2/16/2024,3.395,3.385,3.395,3.385,0.30%
2/15/2024,3.385,3.415,3.415,3.385,-0.88%
2/14/2024,3.415,3.395,3.415,3.395,0.59%
2/13/2024,3.395,3.392,3.395,3.392,0.06%
2/9/2024,3.393,3.385,3.393,3.385,0.24%
2/8/2024,3.385,3.39,3.39,3.385,-0.15%
2/7/2024,3.39,3.41,3.41,3.39,-0.59%
2/6/2024,3.41,3.438,3.438,3.41,-0.81%
2/5/2024,3.438,3.368,3.438,3.368,1.43%
2/4/2024,3.389,3.389,3.389,3.389,0.64%
2/2/2024,3.368,3.396,3.397,3.368,-1.46%
2/1/2024,3.418,3.417,3.418,3.417,0.62%
1/31/2024,3.397,3.403,3.405,3.397,-0.23%
1/30/2024,3.405,3.404,3.405,3.404,0.00%
1/29/2024,3.405,3.404,3.405,3.404,-0.64%
1/28/2024,3.427,3.427,3.427,3.427,0.65%
1/26/2024,3.405,3.236,3.405,3.236,-0.66%
1/25/2024,3.428,3.243,3.428,3.243,0.66%
1/24/2024,3.405,3.408,3.41,3.405,-0.15%
1/23/2024,3.41,3.43,3.43,3.41,-0.58%
1/22/2024,3.43,3.447,3.447,3.43,-1.14%
1/21/2024,3.47,3.468,3.47,3.468,0.65%
1/19/2024,3.447,3.446,3.447,3.446,0.00%
1/18/2024,3.447,3.45,3.452,3.447,-0.14%
1/17/2024,3.452,3.412,3.452,3.412,1.17%
1/16/2024,3.412,3.405,3.412,3.405,0.21%
1/15/2024,3.405,3.417,3.417,3.405,-0.99%
1/14/2024,3.439,3.438,3.439,3.438,0.64%
1/12/2024,3.417,3.417,3.417,3.417,0.00%
1/11/2024,3.417,3.42,3.42,3.417,-0.09%
1/10/2024,3.42,3.445,3.445,3.42,-0.73%
1/9/2024,3.445,3.47,3.47,3.445,-0.72%
1/8/2024,3.47,3.485,3.485,3.47,-1.08%
1/7/2024,3.508,3.507,3.508,3.507,0.66%
1/5/2024,3.485,3.485,3.485,3.485,0.00%
1/4/2024,3.485,3.495,3.495,3.485,-0.29%
1/3/2024,3.495,3.48,3.495,3.48,0.43%
1/2/2024,3.48,3.47,3.48,3.47,-0.39%
1/1/2024,3.493,3.493,3.493,3.493,0.68%
12/29/2023,3.47,3.47,3.47,3.47,0.00%
12/28/2023,3.47,3.47,3.47,3.47,0.00%
12/27/2023,3.47,3.48,3.48,3.47,-0.29%
12/26/2023,3.48,3.468,3.48,3.468,-0.34%
12/25/2023,3.492,3.492,3.492,3.492,0.69%
12/22/2023,3.468,3.468,3.468,3.468,0.00%
12/21/2023,3.468,3.47,3.48,3.468,-0.12%
12/20/2023,3.472,3.487,3.487,3.472,-0.43%
12/19/2023,3.487,3.484,3.487,3.484,0.09%
12/18/2023,3.484,3.487,3.487,3.484,-0.71%
12/17/2023,3.509,3.509,3.509,3.509,0.00%
12/16/2023,3.509,3.509,3.509,3.509,0.63%
12/15/2023,3.487,3.467,3.487,3.467,0.58%
12/14/2023,3.467,3.517,3.517,3.467,-1.42%
12/13/2023,3.517,3.51,3.517,3.51,0.20%
12/12/2023,3.51,3.51,3.51,3.51,0.00%
12/11/2023,3.51,3.495,3.51,3.495,-0.24%
12/10/2023,3.519,3.518,3.519,3.518,0.67%
12/8/2023,3.495,3.5,3.5,3.495,-0.14%
12/7/2023,3.5,3.463,3.5,3.462,1.10%
12/6/2023,3.462,3.467,3.467,3.462,-0.14%
12/5/2023,3.467,3.475,3.475,3.467,-0.23%
12/4/2023,3.475,3.493,3.493,3.475,-1.17%
12/3/2023,3.516,3.516,3.516,3.516,0.66%
12/1/2023,3.493,3.49,3.493,3.49,-0.43%
11/30/2023,3.508,3.508,3.508,3.508,0.03%
11/29/2023,3.507,3.535,3.535,3.507,-0.79%
11/28/2023,3.535,3.545,3.545,3.535,-0.03%
11/27/2023,3.536,3.525,3.536,3.525,-0.32%
11/26/2023,3.547,3.548,3.549,3.547,0.61%
11/24/2023,3.526,3.513,3.526,3.513,0.40%
11/23/2023,3.512,3.513,3.513,3.512,-0.06%
11/22/2023,3.514,3.509,3.514,3.509,0.11%
11/21/2023,3.51,3.513,3.514,3.51,-0.11%
11/20/2023,3.514,3.515,3.515,3.512,-0.55%
11/19/2023,3.533,3.538,3.539,3.533,0.61%
11/17/2023,3.512,3.522,3.522,3.512,-0.31%
11/16/2023,3.523,3.52,3.53,3.52,0.06%
11/15/2023,3.521,3.538,3.539,3.521,-0.51%
11/14/2023,3.539,3.51,3.539,3.51,0.18%
11/13/2023,3.533,3.533,3.533,3.532,0.61%
11/10/2023,3.511,3.485,3.511,3.484,0.77%
11/9/2023,3.484,3.517,3.517,3.484,-0.97%
11/8/2023,3.518,3.518,3.518,3.518,0.00%
11/7/2023,3.518,3.543,3.543,3.518,-0.71%
11/6/2023,3.543,3.62,3.62,3.543,-2.65%
11/5/2023,3.639,3.645,3.645,3.639,0.65%
11/3/2023,3.616,3.631,3.631,3.616,-0.44%
11/2/2023,3.632,3.665,3.666,3.632,-0.93%
11/1/2023,3.666,3.665,3.666,3.665,0.03%
10/31/2023,3.665,3.691,3.692,3.665,-0.70%
10/30/2023,3.691,3.694,3.694,3.691,-0.75%
10/29/2023,3.719,3.723,3.723,3.719,0.68%
10/27/2023,3.694,3.694,3.694,3.694,0.00%
10/26/2023,3.694,3.688,3.694,3.688,0.16%
10/25/2023,3.688,3.695,3.695,3.688,-0.24%
10/24/2023,3.697,3.705,3.706,3.697,-0.27%
10/23/2023,3.707,3.685,3.707,3.685,-0.08%
10/22/2023,3.71,3.711,3.711,3.71,0.68%
10/20/2023,3.685,3.682,3.688,3.682,0.08%
10/19/2023,3.682,3.667,3.682,3.667,0.38%
10/18/2023,3.668,3.654,3.668,3.654,0.41%
10/17/2023,3.653,3.638,3.657,3.638,0.41%
10/16/2023,3.638,3.634,3.638,3.634,-0.56%
10/15/2023,3.658,3.65,3.658,3.65,0.73%
10/13/2023,3.632,3.62,3.632,3.62,0.30%
10/12/2023,3.621,3.674,3.674,3.621,-0.88%
10/11/2023,3.653,3.674,3.674,3.653,-0.57%
10/10/2023,3.674,3.683,3.684,3.674,-0.24%
10/9/2023,3.683,3.68,3.688,3.678,-0.53%
10/8/2023,3.703,3.706,3.707,3.703,0.64%
10/6/2023,3.679,3.693,3.693,3.679,-0.41%
10/5/2023,3.694,3.697,3.697,3.694,-0.08%
10/4/2023,3.697,3.601,3.697,3.598,2.67%
10/3/2023,3.601,3.582,3.601,3.582,0.53%
10/2/2023,3.582,3.575,3.582,3.57,-0.25%
10/1/2023,3.591,3.598,3.598,3.591,0.59%
9/29/2023,3.57,3.57,3.57,3.57,-0.70%
9/28/2023,3.595,3.595,3.595,3.595,0.56%
9/27/2023,3.575,3.58,3.585,3.575,-0.20%
9/26/2023,3.582,3.58,3.582,3.58,0.06%
9/25/2023,3.58,3.58,3.58,3.58,-0.21%
9/24/2023,3.588,3.588,3.588,3.588,0.63%
9/22/2023,3.565,3.582,3.582,3.565,-0.47%
9/21/2023,3.582,3.555,3.582,3.555,0.76%
9/20/2023,3.555,3.518,3.555,3.518,1.05%
9/19/2023,3.518,3.52,3.52,3.518,-0.06%
9/18/2023,3.52,3.53,3.53,3.52,-0.62%
9/17/2023,3.542,3.542,3.542,3.542,0.34%
9/15/2023,3.53,3.5,3.53,3.5,0.86%
9/14/2023,3.5,3.515,3.515,3.5,-0.43%
9/13/2023,3.515,3.51,3.515,3.51,0.14%
9/12/2023,3.51,3.485,3.51,3.485,0.72%
9/11/2023,3.485,3.485,3.485,3.485,-0.60%
9/10/2023,3.506,3.506,3.506,3.506,0.60%
9/8/2023,3.485,3.475,3.485,3.475,0.29%
9/7/2023,3.475,3.489,3.49,3.475,-0.43%
9/6/2023,3.49,3.49,3.49,3.49,0.00%
9/5/2023,3.49,3.49,3.49,3.49,0.43%
9/4/2023,3.475,3.475,3.475,3.475,-0.15%
9/1/2023,3.48,3.47,3.48,3.47,-0.32%
8/31/2023,3.491,3.491,3.491,3.491,0.61%
8/30/2023,3.47,3.47,3.47,3.47,0.00%
8/29/2023,3.47,3.469,3.47,3.469,0.00%
8/28/2023,3.47,3.47,3.47,3.47,-0.63%
8/27/2023,3.492,3.491,3.492,3.491,0.40%
8/24/2023,3.478,3.478,3.478,3.478,-0.06%
8/23/2023,3.48,3.488,3.488,3.48,-0.26%
8/22/2023,3.489,3.487,3.489,3.487,0.03%
8/21/2023,3.488,3.48,3.488,3.48,-0.46%
8/20/2023,3.504,3.501,3.504,3.501,0.57%
8/18/2023,3.484,3.516,3.517,3.484,-0.97%
8/17/2023,3.518,3.506,3.518,3.506,-0.24%
8/16/2023,3.526,3.525,3.526,3.525,0.58%
8/15/2023,3.506,3.49,3.506,3.49,0.43%
8/14/2023,3.491,3.476,3.491,3.475,-0.11%
8/13/2023,3.495,3.5,3.5,3.495,0.55%
8/11/2023,3.476,3.473,3.476,3.473,0.09%
8/10/2023,3.473,3.476,3.477,3.473,-0.09%
8/9/2023,3.476,3.489,3.489,3.476,-0.34%
8/8/2023,3.488,3.492,3.492,3.488,-0.64%
8/7/2023,3.51,3.51,3.51,3.51,-0.03%
8/6/2023,3.511,3.511,3.511,3.511,0.53%
8/4/2023,3.493,3.496,3.497,3.493,-0.11%
8/3/2023,3.497,3.492,3.497,3.416,0.11%
8/2/2023,3.493,3.477,3.506,3.477,-0.14%
8/1/2023,3.498,3.498,3.499,3.494,0.03%
7/31/2023,3.497,3.497,3.497,3.497,-0.55%
7/30/2023,3.516,3.52,3.52,3.516,0.47%
7/28/2023,3.5,3.426,3.5,3.426,2.16%
7/27/2023,3.426,3.435,3.435,3.426,-0.26%
7/26/2023,3.435,3.415,3.435,3.415,0.59%
7/25/2023,3.415,3.41,3.415,3.41,0.15%
7/24/2023,3.41,3.398,3.41,3.398,-0.23%
7/23/2023,3.418,3.418,3.418,3.418,0.59%
7/21/2023,3.398,3.39,3.398,3.39,0.24%
7/20/2023,3.39,3.378,3.39,3.378,-0.29%
7/19/2023,3.4,3.398,3.4,3.398,0.59%
7/18/2023,3.38,3.395,3.395,3.38,-0.44%
7/17/2023,3.395,3.385,3.395,3.385,-0.26%
7/16/2023,3.404,3.404,3.404,3.404,0.56%
7/14/2023,3.385,3.385,3.385,3.385,-0.73%
7/13/2023,3.41,3.445,3.445,3.41,-1.02%
7/12/2023,3.445,3.493,3.493,3.445,-1.37%
7/11/2023,3.493,3.517,3.517,3.493,-0.68%
7/10/2023,3.517,3.543,3.543,3.517,-0.73%
7/7/2023,3.543,3.502,3.543,3.502,1.17%
7/6/2023,3.502,3.545,3.545,3.502,-1.21%
7/5/2023,3.545,3.518,3.545,3.518,0.77%
7/4/2023,3.518,3.518,3.518,3.518,-0.17%
7/3/2023,3.524,3.524,3.524,3.524,0.00%
7/2/2023,3.524,3.527,3.527,3.524,0.56%
6/30/2023,3.505,3.475,3.505,3.475,0.26%
6/29/2023,3.496,3.496,3.496,3.496,0.58%
6/28/2023,3.476,3.476,3.476,3.476,0.03%
6/27/2023,3.475,3.482,3.482,3.475,-0.20%
6/26/2023,3.482,3.491,3.492,3.482,-0.88%
6/25/2023,3.513,3.513,3.513,3.513,0.60%
6/23/2023,3.492,3.475,3.492,3.475,0.63%
6/22/2023,3.47,3.47,3.47,3.47,0.00%
6/21/2023,3.47,3.47,3.47,3.47,0.00%
6/20/2023,3.47,3.46,3.47,3.46,0.29%
6/19/2023,3.46,3.45,3.46,3.45,-0.29%
6/18/2023,3.47,3.47,3.47,3.47,0.58%
6/16/2023,3.45,3.465,3.465,3.45,-0.43%
6/15/2023,3.465,3.446,3.465,3.446,0.52%
6/14/2023,3.447,3.445,3.447,3.445,0.03%
6/13/2023,3.446,3.461,3.461,3.446,-0.43%
6/12/2023,3.461,3.457,3.461,3.457,-0.57%
6/11/2023,3.481,3.479,3.481,3.479,0.61%
6/9/2023,3.46,3.467,3.469,3.459,-0.26%
6/8/2023,3.469,3.422,3.469,3.422,1.40%
6/7/2023,3.421,3.414,3.421,3.413,0.23%
6/6/2023,3.413,3.408,3.414,3.408,-0.50%
6/5/2023,3.43,3.43,3.43,3.43,0.59%
6/2/2023,3.41,3.407,3.41,3.407,0.06%
6/1/2023,3.408,3.409,3.409,3.408,-0.03%
5/31/2023,3.409,3.412,3.412,3.401,-0.09%
5/30/2023,3.412,3.43,3.431,3.412,-0.55%
5/29/2023,3.431,3.445,3.445,3.431,-1.01%
5/28/2023,3.466,3.464,3.467,3.464,0.58%
5/26/2023,3.446,3.441,3.45,3.441,0.12%
5/25/2023,3.442,3.431,3.442,3.431,0.26%
5/24/2023,3.433,3.431,3.433,3.431,0.03%
5/23/2023,3.432,3.415,3.432,3.415,0.47%
5/22/2023,3.416,3.415,3.416,3.415,-0.58%
5/21/2023,3.436,3.437,3.437,3.436,0.56%
